"vintage_sheet","vintage_date","date","forecast_horizon","food_at","services","core_gds","food_at_qoq_fc","services_qoq_fc","core_gds_qoq_fc","food_at_yoy","services_yoy","core_gds_yoy","energy_yoy","MPR_cpi","c_f","c_s","c_e","c_cg","encont_f","cpi_bottom_up","cpi_resid","c_cg_r"
"M23",2023 Q2,2023 Q2,0,132.502744307328,127.300462019994,119.993305688872,3.01271918111556,1.14333585241002,1.24826177059839,13.6734336020722,5.94158073190583,5.62025418302854,7.05057011078409,7.88261749828001,2.20142280993363,2.76877662106812,0.564045608862727,1.64673447562736,0.849964575571343,7.46689848220045,0.415719016079564,2.06245349170693
"M23",2023 Q2,2023 Q3,1,133.998755572575,128.529183369851,120.98951335596,1.12904172141327,0.965213582386273,0.830219370463627,10.7370386874182,5.27057210284552,5.10032218841303,-3.43193522548599,6.74870665406591,1.72866322867433,2.45608659992601,-0.274554818038879,1.49439440120502,0.016412952943836,5.6955571827492,1.05314947131671,2.54754387252173
"M23",2023 Q2,2023 Q4,2,136.014565103542,129.648324996894,121.65518595354,1.50434944142072,0.870729586619872,0.550190325686124,8.74248172927157,4.1850572985318,4.23968089083848,-18.1603615939704,4.99218227190159,1.40753955841272,1.95023670111582,-1.45282892751763,1.24222650101568,-0.953859462243461,3.64614329830076,1.34603897360083,2.58826547461651
"M23",2023 Q2,2024 Q1,3,136.45700341667,130.724098424483,121.97068163971,0.325287451965683,0.829762688885866,0.259335994349211,5.90884965674521,3.79073400237058,2.875009827802,-15.1533177129671,4.31137226131186,0.897330711380919,1.85919063666486,-1.07873539157188,0.823670573931121,-0.471787496938689,3.10840442503821,1.20296783627365,2.02663841020477
"M23",2023 Q2,2024 Q2,4,136.93366625851,131.76111497369,122.059193767441,0.349313578567449,0.793286441983575,0.0725683635948514,3.28932637120189,3.44404130535523,1.70701665795185,-17.6096195055291,3.32281874436742,0.500951249028564,1.68786885028545,-1.26350252625537,0.487983998500368,-0.347595650234332,2.32920844758005,0.993610296787367,1.48159429528774
"M23",2023 Q2,2024 Q3,5,137.245669425713,132.803195309152,122.008836337797,0.227849860247918,0.790886093875632,-0.041256564204708,2.39420143020634,3.27123113290071,0.838959574741782,-14.3293743857223,2.86735077264062,0.364627301014705,1.60317738429028,-1.02814264273764,0.239832954151646,0.204125049559249,2.41176268901588,0.455588083624735,0.695421037776381
"M23",2023 Q2,2024 Q4,6,137.786575047118,133.90426586893,121.892146620084,0.394114891689082,0.829099448409072,-0.0956403824635494,1.29439540216785,3.22995183286254,0.19459112018394,-8.55669617634991,2.24990008913482,0.197131242168554,1.58294706806624,-0.613948940340429,0.0556276662314229,0.120670896180128,1.95637687264635,0.29352321648847,0.349150882719893
"M23",2023 Q2,2025 Q1,7,139.030799698795,135.086535963782,121.750486287166,0.903008621305704,0.882921904825201,-0.116217768614434,1.86859174324763,3.28265969035515,-0.180694532468628,-7.68668571440143,1.50470906631206,0.281304154240425,1.64427865837742,-0.471980182241391,-0.0518875191655614,-0.283761558316993,1.58993373513529,-0.0852246688232314,-0.137112187988793
"M23",2023 Q2,2025 Q2,8,139.879590397913,136.348405544812,121.598410133928,0.610505514574097,0.934119430946295,-0.124908045852938,2.12853632745427,3.42228673927654,-0.378222698932174,-0.859145024344254,1.08630298748862,0.321725285943854,1.71400234798026,-0.052968610442389,-0.108309100201124,-0.488922914645453,1.43849561907754,-0.352192631588919,-0.460501731790042
"M23",2023 Q2,2025 Q3,9,141.241942991549,137.664535542712,121.452607738683,0.973946656378338,0.965269812023547,-0.119904853266437,2.87018001938417,3.59515260380521,-0.456934418516042,2.54180408147091,1.00737987505921,0.43382369167789,1.80057969238782,0.156709084493702,-0.130849247969835,-0.470808587330497,1.63274554876538,-0.62536567370617,-0.756214921676005
"M23",2023 Q2,2025 Q4,10,142.884373973082,139.002950741323,121.321742435759,1.16284932559434,0.972229480406941,-0.107750097227563,3.63297992002334,3.7370050452715,-0.46905646083486,1.89518306015701,1.01568312919493,0.549119828739639,1.87162441665057,0.116843152652942,-0.134320556010991,-0.462909245292069,1.82351444408715,-0.807831314892217,-0.942151870903208
"M23",2023 Q2,2026 Q1,11,144.465953760191,140.391703456655,121.209930080787,1.10689485710101,0.999081464044656,-0.0921618439756416,3.83483765225838,3.85208174363978,-0.444975446117279,1.25621259115762,1.06047198991615,0.561428924589307,1.99589144049366,0.0732932211460551,-0.123311565962991,-0.42689472299395,2.00711407612602,-0.946642086209879,-1.06995365217287
"M23",2023 Q2,2026 Q2,12,146.067856405805,141.925893628935,121.109600085527,1.10884440514829,1.09279261844264,-0.0827737423766372,4.32892996872623,4.0091630141629,-0.402797343897898,7.80967285182115,1.15008518232917,0.63536094754692,2.07821620049737,0.455701439609331,-0.111378138036958,-0.35225357060345,2.24994543940388,-1.09986025707471,-1.21123839511167
"A23",2023 Q3,2023 Q3,0,135.730862495235,130.542848765063,122.817459819058,1.6770148870421,1.60993250280188,1.62440635347933,12.021384652017,6.82512504389745,6.59985330660584,-3.43193522548599,6.71788257958674,1.93544292897474,3.18050827045621,-0.274554818038879,1.93375701883551,-0.259134,6.79057421826646,-0.0726916386797196,1.86106538015579
"A23",2023 Q3,2023 Q4,1,138.277700916147,132.234247554413,124.220156134156,1.87638859290471,1.29566560355471,1.14209845828472,10.3926829563289,6.15999330308039,6.32615545188546,-18.1603615939704,4.8088157225294,1.67322195596895,2.87055687923546,-1.45282892751763,1.85356354740244,-1.496866,4.90047638260685,-0.0916606600774479,1.76190288732499
"A23",2023 Q3,2024 Q1,2,139.272752870213,133.648223667592,125.224121557157,0.719604063036119,1.06929644878686,0.808214587909937,7.95131861438181,6.00295082765179,5.50745011566915,-15.1533177129671,4.21230977431737,1.20750447263702,2.94418705299564,-1.07873539157188,1.57784664031508,-0.942701,4.78683716594775,-0.574527391630378,1.00331924868471
"A23",2023 Q3,2024 Q2,3,140.155148313026,134.900841690197,125.949754834776,0.633573634919945,0.937250034628626,0.579467652554834,4.87071210060162,4.88095918932778,4.12974100479477,-17.6096195055291,3.21413693000601,0.741789970073224,2.39207902715068,-1.26350252625537,1.18056699617018,-0.525748,3.78868799339408,-0.574551063388076,0.606015932782104
"A23",2023 Q3,2024 Q3,4,140.741077416142,136.091408527945,126.401676440797,0.418057495688512,0.88254959926937,0.35881102477235,3.62478990926567,4.16252655952647,2.87655580625499,-14.3293743857223,2.74458207251715,0.552041004021524,2.03998683389366,-1.02814264273764,0.82231957005621,0.178786,3.59313340797139,-0.848551335454238,-0.0262317653980286
"A23",2023 Q3,2024 Q4,5,141.597824261872,137.302148389447,126.694091095442,0.608739723653789,0.889651943938496,0.231337639562089,2.37268271375148,3.76090075375366,1.97200052191633,-8.55669617634991,2.44959338886233,0.361350086573496,1.84315653282246,-0.613948940340429,0.56373480319996,0.378791,3.14703242259591,-0.697439033733589,-0.133704230533628
"A23",2023 Q3,2025 Q1,6,143.150273117697,138.569090661835,126.890941583496,1.09637903259978,0.922740311968441,0.155374640089081,2.74606781588549,3.61578992177645,1.32228855485677,-7.68668571440143,2.14045430044916,0.413402385633975,1.81114302497496,-0.471980182241391,0.379703092258449,-0.066652,2.53759650286738,-0.397142202418223,-0.0174391101597735
"A23",2023 Q3,2025 Q2,7,144.330373482815,139.903943582415,127.01953835348,0.824378703174608,0.96331217460137,0.101344326378912,2.9354920834245,3.64160672964706,0.84578636600563,-0.859145024344254,1.72990570056299,0.443695518720696,1.82384556308548,-0.052968610442389,0.24220217486438,-0.395935,2.11380825667055,-0.383902556107559,-0.141700381243179
"A23",2023 Q3,2025 Q3,8,146.043569431356,141.284874010163,127.104450235956,1.18699613061364,0.987056113206823,0.0668494655050844,3.69831260778239,3.74514537074635,0.554444663483977,2.54180408147091,1.63822506451385,0.558994773028658,1.8757013798159,0.156709084493702,0.158772603502661,-0.379104,2.21436475634722,-0.576139691833361,-0.4173670883307
"A23",2023 Q3,2025 Q4,9,148.052586817504,142.681855088707,127.166752461411,1.37562878938773,0.988769030182202,0.0490165571219575,4.45767112293884,3.84334020873807,0.372378745401658,1.89518306015701,1.56356247511997,0.673770749492634,1.92488083077941,0.116843152652942,0.106635606383079,-0.370745,2.33454218665513,-0.770979711535153,-0.664344105152074
"A23",2023 Q3,2026 Q1,10,149.991303937437,144.122308388964,127.216405769738,1.30947872077567,1.00955604996928,0.0390458255526879,4.66823792103321,3.92932520956641,0.256162891474609,1.25621259115762,1.51127092781538,0.683440612978552,2.03591384467332,0.0732932211460551,0.0709878434079176,-0.327381,2.46296130105979,-0.951690373244408,-0.880702529836491
"A23",2023 Q3,2026 Q2,11,151.955728748852,145.70984377308,127.250396876206,1.3096924687276,1.10151953702554,0.026719121847787,5.14842881144837,4.06612029934585,0.181585436714649,7.80967285182115,1.46625676076342,0.755639530242207,2.10774095476289,0.455701439609331,0.0502104796426662,-0.254851,2.65873996464777,-1.19248320388435,-1.14227272424168
"A23",2023 Q3,2026 Q3,12,154.253851066226,147.344562821518,127.270017261117,1.5123630654115,1.12190021353908,0.0154187219787519,5.46946309150966,4.19955735507163,0.130175838927737,10.0387629229179,1.44641727866412,0.802758020457656,2.17691026765347,0.585770851438893,0.035995129503251,-0.254238,2.76142541761438,-1.31500813895025,-1.279013009447
"N23",2023 Q4,2023 Q4,0,138.230192781176,132.147517062147,120.958192558393,2.0626301694584,1.27630382285549,-0.0565933312741026,10.3583200057432,6.09438325958704,3.66510803180624,-18.1603615939704,4.52988407286981,1.66768952092466,2.83998259896756,-1.45282892751763,1.07387665331923,-1.24744646383649,4.33410230937496,0.195781763494844,1.26965841681407
"N23",2023 Q4,2024 Q1,1,139.158717409493,133.517853171442,120.827184477031,0.671723456094953,1.03697454160302,-0.108308563968043,7.86940584282521,5.90535572273403,1.93306940987039,-15.1533177129671,4.29773346699465,1.19506502167076,2.89632088640786,-1.07873539157188,0.553811112184585,-0.681043145512702,3.96415387475051,0.333579592244135,0.887390704428721
"N23",2023 Q4,2024 Q2,2,140.202308531686,134.741399319385,120.72552021328,0.749928672540406,0.916391417986647,-0.0841402240662598,4.90435502177524,4.76269701438241,-0.10661053936234,-17.6096195055291,3.56821901737296,0.746913652396282,2.33412065105719,-1.26350252625537,-0.0304767015822423,-0.275729502391242,2.77482809947998,0.79339091789298,0.762914216310738
"N23",2023 Q4,2024 Q3,3,140.723032540092,135.913845930816,120.492495744137,0.371409011634247,0.870145788416374,-0.193020058005398,3.8289751383819,4.07846242086656,-0.442358835021395,-14.3293743857223,3.2476992488907,0.583137597675009,1.99878836137548,-1.02814264273764,-0.126456898988149,0.273326091789379,2.72879515185172,0.518904097038979,0.392447198050831
"N23",2023 Q4,2024 Q4,4,141.535234815092,137.113739869551,120.23897052318,0.577163709692616,0.882834217895156,-0.210407477570358,2.36283362636245,3.68919473242553,-0.596378628771799,-8.55669617634991,3.08676077562122,0.359850109960495,1.80801457340709,-0.613948940340429,-0.17048646041768,0.423067455574669,2.42044567852457,0.666315097096652,0.495828636678972
"N23",2023 Q4,2025 Q1,5,143.042977591198,138.371183093407,120.002280819946,1.06527733399807,0.917080392565142,-0.196849409309043,2.75299941212834,3.57046063405617,-0.685054781089356,-7.68668571440143,2.45602634206374,0.414445891699802,1.78843766181566,-0.471980182241391,-0.196717590718495,-0.0204905098898949,1.98567545290707,0.470350889156673,0.273633298438179
"N23",2023 Q4,2025 Q2,6,144.15646634821,139.698149764003,119.787642955541,0.778429515214701,0.958990622852222,-0.178861487413264,2.78128410925049,3.61266410143006,-0.779900774830544,-0.859145024344254,2.10580648281296,0.420387199315459,1.80935007030537,-0.052968610442389,-0.223334959553032,-0.30638263421899,1.7000196758488,0.405786806964152,0.18245184741112
"N23",2023 Q4,2025 Q3,7,145.826783013493,141.071998435615,119.597868598082,1.15868313617505,0.983440850099621,-0.158425654580753,3.56258492735719,3.72491880590875,-0.745245473774769,2.54180408147091,2.11029318829388,0.538479724151141,1.86557120012483,0.156709084493702,-0.213410953180206,-0.211446351449253,1.97919361964651,0.131099568647364,-0.0823113845328427
"N23",2023 Q4,2025 Q4,8,147.786043785629,142.462059286615,119.440507272929,1.34355344858345,0.98535561019489,-0.131575359157585,4.32168823271653,3.82649142237819,-0.666278324216396,1.89518306015701,1.93078175869976,0.653217126011577,1.91644236212335,0.116843152652942,-0.190797659641077,-0.284936503174444,2.0939253253194,-0.163143566619642,-0.353941226260719
"N23",2023 Q4,2026 Q1,9,149.671734340932,143.893713331009,119.313990871057,1.27595983152408,1.00493706995645,-0.105924200056747,4.52993305380627,3.91351183158326,-0.57521525120432,1.25621259115762,1.85196401409895,0.663192466925494,2.0277204085361,0.0732932211460551,-0.159403612066057,-0.24181700892865,2.28969225446688,-0.437728240367933,-0.59713185243399
"N23",2023 Q4,2026 Q2,10,151.586838643954,145.472929402639,119.206456366892,1.27953638771855,1.09748788537898,-0.0901273215150561,5.02593715601236,4.05059952631026,-0.486361576247241,7.80967285182115,1.70341672337608,0.737661319731375,2.09969550441506,0.455701439609331,-0.134484617626646,-0.229592818596395,2.47327938792339,-0.76986266454731,-0.904347282173957
"N23",2023 Q4,2026 Q3,11,153.824795168043,147.099724334586,119.110323056898,1.47635279164699,1.11828017668095,-0.0806443819603367,5.33947613929771,4.1840366350133,-0.408487212561148,10.0387629229179,1.60308872946962,0.78367971849325,2.16886484476729,0.585770851438893,-0.112951452724823,-0.269240410650624,2.57035269988509,-0.967263970415473,-1.0802154231403
"N23",2023 Q4,2026 Q4,12,155.968833497879,148.671843816928,119.021248951056,1.39381842016634,1.06874400305894,-0.074782859752495,5.38906243130644,4.26657729888307,-0.351636053106308,7.2858092166264,1.50061930709189,0.790957543199034,2.2116511680592,0.425133525018446,-0.0972314476621102,-0.283368666372127,2.622008597224,-1.12138929013211,-1.21862073779422
"F24",2024 Q1,2024 Q1,0,137.868840067343,133.972949790894,120.589351947394,0.885918669327071,1.23456021257875,-0.184980298617657,6.9381723761242,6.24562690478667,1.73603849384403,-15.1533177129671,3.54770191985621,1.05364588974504,3.06320914477776,-1.07873539157188,0.497363107688656,-1.06036962271406,3.55384851949739,-0.00614659964118447,0.491216508047471
"F24",2024 Q1,2024 Q2,1,138.639566184242,135.372944237186,120.360830022235,0.559028506022559,1.04498292265535,-0.189504231898968,3.78346260853109,5.23031088507109,-0.409149831907207,-17.6096195055291,1.92895248933134,0.57620622142885,2.563290633737,-1.26350252625537,-0.116963457872397,-1.06517537694737,1.95735802034608,-0.0284055310147475,-0.145368988887145
"F24",2024 Q1,2024 Q3,2,139.518383813101,136.64421887607,120.1558851668,0.633886597489187,0.939090632952844,-0.17027537563271,2.96924772006983,4.61440304254186,-0.722112054714064,-14.3293743857223,2.16426907635485,0.452204550775755,2.26144417782048,-1.02814264273764,-0.206429812025082,-0.633670393167793,1.87354852340336,0.290720552951496,0.0842907409264133
"F24",2024 Q1,2024 Q4,3,140.600274320286,137.903713955112,119.949700776772,0.77544655952578,0.921733161784553,-0.171597412595366,2.84383058713615,4.11878209729579,-0.717000935315504,-8.55669617634991,2.61650226821732,0.433104023098488,2.01854838161469,-0.613948940340429,-0.204968698878175,-0.323439816727537,1.92324388910747,0.693258379109858,0.488289680231683
"F24",2024 Q1,2025 Q1,4,142.209836256638,139.210709244429,119.745465966495,1.1447786600224,0.947759311066581,-0.170267044398783,3.10008880509471,3.83507668274072,-0.70226150034447,-7.68668571440143,2.74346697768708,0.466697909020896,1.92098339075447,-0.471980182241391,-0.201658603392917,-0.252731503956926,1.93329119242552,0.810175785261561,0.608517181868644
"F24",2024 Q1,2025 Q2,5,143.497312570787,140.579587245448,119.556784711489,0.905335627998235,0.983313718067443,-0.157568600600274,3.44387909729154,3.77402661447919,-0.670270352481861,-0.859145024344254,2.69451231165396,0.520537504124879,1.89016612907333,-0.052968610442389,-0.191940830028869,0.0229601311417184,2.24172293431106,0.452789377342905,0.260848547314036
"F24",2024 Q1,2025 Q3,6,145.261866552776,141.992959938796,119.400205886838,1.22967737191502,1.0053897020484,-0.130966071920057,4.03417136471376,3.83968730633617,-0.630901750988944,2.54180408147091,2.68531452915779,0.609759353936574,1.9230513279438,0.156709084493702,-0.180667107388972,0.270653644872596,2.622797219364,0.0625173097937939,-0.118149797595178
"F24",2024 Q1,2025 Q4,7,147.325205051345,143.416190542675,119.279130446547,1.42042681092744,1.00232476630702,-0.101403041470284,4.6721492109393,3.91951098819838,-0.56061143052677,1.89518306015701,2.47081160659599,0.70618881222458,1.96302985357873,0.116843152652942,-0.160538539263366,0.190731972331095,2.69941209887104,-0.228600492275051,-0.389139031538417
"F24",2024 Q1,2026 Q1,8,149.313969628624,144.871848508785,119.193066128747,1.34991468471805,1.01498858713336,-0.0721537099389953,4.87475807093611,3.98608690801483,-0.46237902030235,1.25621259115762,2.30069197085179,0.713675631036676,2.06532396512783,0.0732932211460551,-0.128134443280919,0.0452030566248805,2.69606820950847,-0.395376238656679,-0.523510681937599
"F24",2024 Q1,2026 Q2,9,151.311407308894,146.469607988448,119.124070081869,1.33774333723588,1.10287781657354,-0.0578859568922223,5.30237059576502,4.10441672713731,-0.362588867105806,7.80967285182115,2.15916915958489,0.778233704473968,2.12759254382929,0.455701439609331,-0.100260027785614,0.00414866432257312,2.80971488484022,-0.650545725255324,-0.750805753040938
"F24",2024 Q1,2026 Q3,10,153.645186067011,148.116587565853,119.059050635974,1.54236802077537,1.12445141352091,-0.0545812830695174,5.6107867742532,4.22222389958193,-0.286133143748213,10.0387629229179,2.03897774313564,0.823500224565238,2.18865984726503,0.585770851438893,-0.0791191333908483,-0.0186106719354208,2.914430266504,-0.875452523368358,-0.954571656759207
"F24",2024 Q1,2026 Q4,11,155.878675402119,149.708320206315,118.99411332276,1.45366697927902,1.07464846889904,-0.0545421056753483,5.64355603328277,4.29380425287222,-0.23923563990369,7.2858092166264,1.94083409331656,0.828309798205342,2.22576471162692,0.425133525018446,-0.0661514295667931,-0.0569676269020031,2.93095545336346,-0.990121360046904,-1.0562727896137
"F24",2024 Q1,2027 Q1,12,157.851808066794,151.211146202998,118.935972538716,1.26581308160649,1.00383598894999,-0.0488602187290501,5.56054015996557,4.2827631053771,-0.215928045870761,5.87843874109817,1.88650025245858,0.81407568330999,2.21904175263097,0.342975156973876,-0.0598379656765022,-0.0868417927312395,2.88643767753322,-0.999937425074642,-1.05977539075114
"M24",2024 Q2,2024 Q2,0,139.013127560588,135.10412855335,121.07449826978,0.973559041870339,1.00573621896903,0.132250416351224,4.05254813167968,5.03153930745048,0.182039809793011,-17.6096195055291,1.96144234495117,0.617186870262288,2.4658759036447,-1.26350252625537,0.0520396294056231,-1.12512372340148,2.00997867991113,-0.0485363349599632,0.00350329444566011
"M24",2024 Q2,2024 Q3,1,139.655482152712,136.310380961675,121.070846368196,0.462081965491645,0.892831641224378,-0.00301624341719944,3.06746490107779,4.36979234094395,0.0364818070041295,-14.3293743857223,2.18281297409861,0.467162634574543,2.1415644356607,-1.02814264273764,0.010429035927367,-0.656583404509122,1.96257270165349,0.220240272445121,0.230669308372488
"M24",2024 Q2,2024 Q4,2,141.097131232612,137.531643204076,121.108872625719,1.03228964425767,0.895942212019871,0.0314082693430198,3.19659026313595,3.8486127325557,0.244741073980492,-8.55669617634991,2.55047152915289,0.486827910714552,1.88614275269928,-0.613948940340429,0.0699640084482663,-0.306650987117371,2.13628368474473,0.414187844408158,0.484151852856424
"M24",2024 Q2,2025 Q1,3,142.700500151413,138.811530503,121.065043662427,1.13635826950803,0.930612962302035,-0.036189721150633,3.58681627538688,3.70784371587645,0.124353820375855,-7.68668571440143,2.58867037074522,0.539971517272078,1.8572526139482,-0.471980182241391,0.0357089456438491,-0.249709728204406,2.18322334865972,0.4054470220855,0.441155967729349
"M24",2024 Q2,2025 Q2,4,144.043099705545,140.156946136483,121.003588963137,0.940851330379139,0.969239103270244,-0.0507617206677261,3.55441867511956,3.671703480149,-0.0585838309294928,-0.859145024344254,2.54292430703744,0.537245406558177,1.83891908116182,-0.052968610442389,-0.0167762591516116,0.175827664794185,2.53521589336257,0.0077084136748744,-0.00906784547673745
"M24",2024 Q2,2025 Q3,5,145.895101439182,141.548852295471,120.943791474179,1.28572749227384,0.993105370341722,-0.0494179465834704,4.37093321869808,3.7710405006937,-0.104997703297727,2.54180408147091,2.46753821270209,0.660660436699709,1.88867057758113,0.156709084493702,-0.0300674888087579,0.347114430654287,2.86637795612637,-0.398839743424276,-0.428907232233034
"M24",2024 Q2,2025 Q4,6,147.983546100043,142.95606004901,120.892702603505,1.43147003584002,0.994149885865152,-0.0422418299039315,4.76525653804556,3.8683287634024,-0.178651795554607,1.89518306015701,2.27305758219698,0.720261854366433,1.93739598355014,0.116843152652942,-0.0511593177259427,0.198061531823013,2.80456005201365,-0.531502469816667,-0.58266178754261
"M24",2024 Q2,2026 Q1,7,150.051873170075,144.398068992987,120.855600300853,1.39767367693269,1.00870781097519,-0.0306902748079737,5.02330260557962,3.94567363340315,-0.173150509580644,1.25621259115762,2.10217043650021,0.73542288760943,2.0443845058308,0.0732932211460551,-0.0479834576716207,0.0381151720443076,2.76993910781292,-0.66776867131271,-0.715752128984331
"M24",2024 Q2,2026 Q2,8,152.116628265854,145.982546412183,120.823417799698,1.37602753778325,1.09729820505641,-0.0266288869322398,5.45349595472144,4.07242308993006,-0.149008333839706,7.80967285182115,1.83998597340445,0.800414509420826,2.11100811088854,0.455701439609331,-0.0412025328033513,-0.135619888466691,2.73460019903932,-0.894614225634874,-0.935816758438226
"M24",2024 Q2,2026 Q3,9,154.525464170019,147.617091501933,120.784943947928,1.58354542276259,1.11968528424953,-0.0318430420779474,5.74710192092125,4.19767981420511,-0.131426285615888,10.0387629229179,1.74291169933616,0.843507321325341,2.17593701317814,0.585770851438893,-0.0363408925177061,-0.125629884865787,2.85747355711998,-1.11456185778383,-1.15090275030153
"M24",2024 Q2,2026 Q4,10,156.845726531741,149.199299961091,120.737890816041,1.50154045754489,1.07183283660416,-0.0389561234614224,5.81615961076603,4.27456851513277,-0.128139244668013,7.2858092166264,1.6098512979247,0.853642980615779,2.21579354765642,0.425133525018446,-0.0354319875659437,-0.124692183401984,2.90931235730427,-1.29946105937957,-1.33489304694552
"M24",2024 Q2,2027 Q1,11,158.898544509733,150.694014631108,120.691509383152,1.30881345853965,1.00182418443464,-0.038414976918808,5.72848582652679,4.26775339863852,-0.135866616792679,5.87843874109817,1.53131597776994,0.838663309571397,2.21126472524745,0.342975156973876,-0.0376513477878128,-0.101058005525797,2.91121868150524,-1.3799027037353,-1.41755405152311
"M24",2024 Q2,2027 Q2,12,161.131176138306,152.099210352038,120.645802930687,1.40506738778612,0.93248276938547,-0.0378704787921721,5.75712740202681,4.10459381747277,-0.1471118352117,-1.54374290160044,1.54456379689281,0.844978770210136,2.12768434154438,-0.0900787876769973,-0.0406781289333234,-0.0295155093303441,2.90246947349085,-1.35790567659804,-1.39858380553137
"A24",2024 Q3,2024 Q3,0,139.060383015799,137.468336204468,121.078674615954,0.66485291504101,1.22294329552386,0.0788886440954207,2.64043500030224,5.21570334506469,0.04294743842852,-14.3293743857223,2.24587374876526,0.402127688806031,2.55613171502202,-1.02814264273764,0.0122773627498418,-0.853163657469492,2.1173731091084,0.128500639656863,0.140778002406705
"A24",2024 Q3,2024 Q4,1,140.330155400331,138.950001106443,121.160031268269,0.913108648915345,1.07782267748621,0.067193213480538,2.65152745823256,4.87462684534501,0.286974016374408,-8.55669617634991,2.69161582460384,0.403817025778986,2.38897564794869,-0.613948940340429,0.0820371185739439,-0.323872110001369,2.55095768230026,0.140658142303588,0.222695260877532
"A24",2024 Q3,2025 Q1,2,141.992416510814,140.368469811401,121.148421029613,1.18453592938813,1.02084828619145,-0.0095825649215061,3.08937846836761,4.82322121265568,0.193200009901684,-7.68668571440143,2.63487658381187,0.465085538514852,2.41594330594317,-0.471980182241391,0.055478542043328,-0.334520655920273,2.60198673058108,0.0328898532307971,0.088368395274125
"A24",2024 Q3,2025 Q2,3,143.419154603817,141.785380467873,121.105773275441,1.00479879705011,1.00942231426725,-0.0352028972481733,3.74897700568884,4.30761582584633,0.10123607330712,-0.859145024344254,2.59417098571753,0.56665262584206,2.15740649518408,-0.052968610442389,0.0289902960312689,0.154263565351527,2.90731298240893,-0.313141996691409,-0.28415170066014
"A24",2024 Q3,2025 Q3,4,145.212217454843,143.212418907791,121.042191029032,1.25022550577602,1.00647784363188,-0.052501416479577,4.32879921144078,4.09353665443382,-0.0301366733520325,2.54180408147091,2.41836947457017,0.654291940490378,2.05018806773802,0.156709084493702,-0.00863003723211009,0.333716182664036,3.02956615366033,-0.611196679090156,-0.619826716322266
"A24",2024 Q3,2025 Q4,5,147.314956479864,144.63770731159,120.972239003759,1.44804553079377,0.995226820878433,-0.0577914400577842,4.8574956700989,4.01178813684311,-0.155115468047295,1.89518306015701,2.13692501665674,0.73420367004151,2.00924551623107,0.116843152652942,-0.0444193773110681,0.0219272758713792,2.72095708483289,-0.584032068176151,-0.628451445487219
"A24",2024 Q3,2026 Q1,6,149.350253791155,146.091877580375,120.906454552397,1.38159584058866,1.00538808019964,-0.0543797915156165,5.05205926436103,3.99648299004634,-0.199927026655455,1.25621259115762,1.94095594641261,0.739632927636789,2.07071052037828,0.0732932211460551,-0.0554037642982913,-0.0626944548870127,2.69224522882976,-0.751289282417146,-0.806693046715437
"A24",2024 Q3,2026 Q2,7,151.405196023874,147.688802958096,120.841971873572,1.37592148694479,1.09309662122902,-0.0533327017687939,5.41881663667834,4.07928681870064,-0.218064860445644,7.80967285182115,1.70650528370864,0.795324594700253,2.11456603863467,0.455701439609331,-0.0602974634656016,-0.192972911572765,2.65662025829656,-0.950114974587918,-1.01041243805352
"A24",2024 Q3,2026 Q3,8,153.821904755543,149.336312373477,120.772123953452,1.59618612513666,1.11552763810238,-0.0578010429954642,5.75992294664633,4.18719174947908,-0.223367411384778,10.0387629229179,1.68773628520817,0.845389074809935,2.17050035072552,0.585770851438893,-0.0617636803098633,-0.114185502560521,2.83994024266507,-1.1522039574569,-1.21396763776676
"A24",2024 Q3,2026 Q4,9,156.154023245979,150.932611290491,120.696833542598,1.51611598760421,1.06892884365742,-0.0623408849572873,5.82699928056991,4.26014088368358,-0.227919590604486,7.2858092166264,1.56042041522806,0.855233928708598,2.20831474539605,0.425133525018446,-0.0630224106693914,-0.127190797853958,2.8733354655813,-1.31291505035324,-1.37593746102264
"A24",2024 Q3,2027 Q1,10,158.235728066006,152.442687076086,120.625514632575,1.33310994923727,1.00049669364605,-0.0590892966532878,5.77916269951171,4.2552980677824,-0.232631769176006,5.87843874109817,1.48893586173902,0.846082518643968,2.20481120481391,0.342975156973876,-0.0644669003652701,-0.122327890987575,2.86409893210503,-1.37516307036602,-1.43962997073129
"A24",2024 Q3,2027 Q2,11,160.498600049175,153.863563276468,120.559281169467,1.43006387421288,0.932072392343262,-0.0549083361922261,5.83255598419008,4.09588796678255,-0.234208256802759,-1.54374290160044,1.48690494011099,0.856049491099964,2.12317151932198,-0.0900787876769973,-0.0647612998217418,-0.087508976599586,2.82695073400062,-1.34004579388963,-1.40480709371137
"A24",2024 Q3,2027 Q3,12,162.179831115773,155.205185964268,120.496819152719,1.04750512844526,0.87195607538913,-0.0518102099996708,5.29103176093031,3.85471294316506,-0.228214138691296,-4.19235655515831,1.50366258825008,0.776569493480326,1.99815444232447,-0.244627778114387,-0.0631038566321522,-0.0664265995966728,2.64519347957597,-1.14153089132589,-1.20463474795804
"N24",2024 Q4,2024 Q4,0,139.645680420966,138.574111305476,121.540742313546,0.42854211729026,0.970866703829323,0.230560660908361,2.1625735875987,4.60373864931869,0.600703018490378,-8.55669617634991,2.33214561242585,0.329351307096932,2.25621773146497,-0.613948940340429,0.171722671544335,-0.558263788011643,2.19902792209459,0.133117690331256,0.304840361875591
"N24",2024 Q4,2025 Q1,1,140.521847277234,139.844207588777,121.693388416204,0.627421380759349,0.916546583871755,0.125592537738215,2.04831066824926,4.44903197953135,0.642025772379018,-7.68668571440143,2.42379697801818,0.308359652254516,2.22851255519289,-0.471980182241391,0.184361552693269,-0.487703401077252,2.23353035906342,0.190266618954757,0.374628171648026
"N24",2024 Q4,2025 Q2,2,140.959741810718,141.131762484422,121.739609076747,0.3116202512054,0.920706633363851,0.0379812421571351,2.01926067054998,3.8455588861309,0.623244961816294,-0.859145024344254,2.53990980933221,0.305208423388691,1.92599202295892,-0.052968610442389,0.178474483974088,-0.154281053360626,2.25539387696107,0.284515932371134,0.462990416345221
"N24",2024 Q4,2025 Q3,3,141.727461699948,142.456756518093,121.684361092146,0.544637695393513,0.938834752961496,-0.0453820946367594,1.9073834069931,3.72950491993835,0.348390649617336,2.54180408147091,2.71603391895265,0.288298331630237,1.86786808837929,0.156709084493702,0.0997662961135641,0.194247825726828,2.45018054184992,0.265853377102731,0.365619673216295
"N24",2024 Q4,2025 Q4,4,142.893676884594,143.803472933478,121.577613655927,0.822857596303683,0.945351030236964,-0.0877248606650025,2.29924749753705,3.70423139410212,0.0303320105270011,1.89518306015701,2.69480739024015,0.347528040306228,1.85521021195769,0.116843152652942,0.00868597463014677,0.0131990392591611,2.22462326615323,0.470184124086921,0.478870098717068
"N24",2024 Q4,2026 Q1,5,144.043774026322,145.198828841087,121.457199979735,0.804862165214493,0.970321424889118,-0.0990426383369349,2.47542663548668,3.7575036478346,-0.194273443722892,1.25621259115762,2.54785123403591,0.362408070402291,1.94688738906422,0.0732932211460551,-0.0538370437729249,-0.144238549313976,2.11121986637961,0.436631367656308,0.382794323883383
"N24",2024 Q4,2026 Q2,6,145.278406309351,146.752098550308,121.332294018465,0.857122976244173,1.0697536072566,-0.10283948690649,3.01776144689487,3.90508190550722,-0.335139877821167,7.80967285182115,2.35970095141962,0.442919563546063,2.0242640300793,0.455701439609331,-0.0926700638401353,0.00899781686400036,2.38351134664923,-0.0238103952296096,-0.116480459069745
"N24",2024 Q4,2026 Q3,7,146.892313917374,148.368631551701,121.204271245975,1.11090674039073,1.10153995572243,-0.105514177841382,3.57938303286538,4.06614400823626,-0.395317365633474,10.0387629229179,2.30152944477178,0.525349269178381,2.1077532446598,0.585770851438893,-0.109309837279097,0.0292771947317772,2.55306987129086,-0.251540426519087,-0.360850263798184
"N24",2024 Q4,2026 Q4,8,148.434121502959,149.944414562066,121.077509214858,1.04961760385352,1.06207288824073,-0.104585448857411,3.80403981452702,4.18170596999925,-0.41219418179459,7.2858092166264,2.17327958523788,0.558322347213963,2.16765670586821,0.425133525018446,-0.113976472718713,0.0109412376908473,2.62294381805431,-0.449664232816436,-0.563640705535149
"N24",2024 Q4,2027 Q1,9,149.744305376234,151.442098464473,120.96408968377,0.88267027824119,0.99882606950132,-0.0936751439825213,3.88119690593873,4.20993270180965,-0.406821510392241,5.87843874109817,2.07803370367348,0.568216024409085,2.18130590257328,0.342975156973876,-0.112738349838464,0.0105077160415999,2.6472912931855,-0.569257589512024,-0.681995939350488
"N24",2024 Q4,2027 Q2,10,151.224172946884,152.856243634737,120.865899897075,0.988263004013493,0.933786037437711,-0.0811726744292961,4.01113799484154,4.07531368415111,-0.385134744686955,-1.54374290160044,1.89294512184768,0.588718333527088,2.11250649838688,-0.0900787876769973,-0.106494224468981,-0.0796473859103135,2.51508322153468,-0.622138099686997,-0.728632324155979
"N24",2024 Q4,2027 Q3,11,152.152473050636,154.194407660567,120.781229271066,0.613856955315004,0.875439559425541,-0.0700533616852755,3.5183370299178,3.85142629729662,-0.349642771966963,-4.19235655515831,1.87106944304496,0.516389492384362,1.99645075488024,-0.244627778114387,-0.09668028230502,-0.0513227888058908,2.36483717615369,-0.493767733108732,-0.590448015413751
"N24",2024 Q4,2027 Q4,12,152.742485056781,155.477742996477,120.707350184044,0.387776809877398,0.832283968907146,-0.0611676892744655,2.86121656083624,3.62379336873451,-0.306188998704471,-3.96754661922989,1.83286885814979,0.41994332972884,1.87845344765345,-0.231509916024021,-0.0846648099341712,-0.0791900007450213,2.1345419667031,-0.301673108553306,-0.386337918487477
"F25",2025 Q1,2025 Q1,0,141.959372429594,140.235404824045,122.315969497498,0.93136827606085,1.08139564319704,0.299565615818046,3.06610403752643,4.7283793310152,1.15231967062721,-7.68668571440143,2.77816226061542,0.461581726562956,2.36843716866065,-0.471980182241391,0.330895507338627,0.06491719027,3.22583159283223,-0.447669332216809,-0.116773824878182
"F25",2025 Q1,2025 Q2,1,142.727129219888,141.663914969061,122.559480916126,0.540828532244503,1.01865156435233,0.199083913268214,3.2652896246316,4.2219105457824,1.29445083282782,-0.859145024344254,3.45477944283008,0.493543955357591,2.11448225696115,-0.052968610442389,0.370683212176323,0.14246817175,3.12117759624506,0.333601846585018,0.704285058761341
"F25",2025 Q1,2025 Q3,2,144.036238660711,143.072456736867,122.865717102376,0.917211358469901,0.994284089997886,0.249867398230724,3.5232829738713,4.16077509790691,1.31454466473446,2.54180408147091,3.64322776783057,0.532539288904484,2.08386346047025,0.156709084493702,0.376437348190754,-0.15602295738,2.83681714018548,0.806410627645086,1.18284797583584
"F25",2025 Q1,2025 Q4,3,145.201626978494,144.468414749087,123.058461078974,0.809093828483135,0.97570003623253,0.156873683842093,3.18529782548671,4.04943307960801,0.904310330280023,1.89518306015701,3.46123925162347,0.481453306905361,2.02809943619871,0.116843152652942,0.258961290403077,-0.0692483318800001,2.69926570162715,0.761973549996323,1.0209348403994
"F25",2025 Q1,2026 Q1,4,146.436595618023,145.89293195468,123.175677945068,0.850519835918753,0.986040587533829,0.0952529920063537,3.10516333450241,3.95505363429018,0.700400173296511,1.25621259115762,2.95233912232407,0.454602950541379,2.0492445957064,0.0732932211460551,0.194094849330584,-0.1116149963,2.58632739927837,0.3660117230457,0.560106572376284
"F25",2025 Q1,2026 Q2,5,147.666286718837,147.464304040596,123.237689195425,0.839743027092229,1.07707211368157,0.0503437459334423,3.40202882858529,4.01286836672812,0.551845247145177,7.80967285182115,2.53516222738996,0.499318832997409,2.08013693150841,0.455701439609331,0.152591612240508,0.00936647218999994,2.74141384893632,-0.20625162154636,-0.0536600093058519
"F25",2025 Q1,2026 Q3,6,149.267162865685,149.09268632058,123.255507785181,1.08411756157751,1.10425522337641,0.014458717842716,3.56728144546938,4.12169759885037,0.316747171136367,10.0387629229179,2.53958137524579,0.523573108304842,2.13655037054423,0.585770851438893,0.0875842670863906,-0.0787612944500001,2.66894645148546,-0.129365076239671,-0.041780809153281
"F25",2025 Q1,2026 Q4,7,150.848792119906,150.675659819892,123.241756733785,1.05959624599023,1.06173786144527,-0.0111565411095497,3.81546509989912,4.20686778444468,0.148839242025645,7.2858092166264,2.38861340573564,0.559999246630784,2.18069975007212,0.425133525018446,0.0411557769552982,-0.0571382672800001,2.7247165063782,-0.336103100642562,-0.294947323687265
"F25",2025 Q1,2027 Q1,8,152.182092924876,152.178366052877,123.215722435272,0.883865748099564,0.997311864956813,-0.0211245759578457,3.84852432516505,4.2180283848583,0.0325047793835687,5.87843874109817,2.3068508659124,0.563432684525968,2.18550054473746,0.342975156973876,0.00900772229578924,-0.08084434521,2.67709660634922,-0.370245740436816,-0.361238018141027
"F25",2025 Q1,2027 Q2,9,153.706909163396,153.595879592167,123.184013735921,1.00196824029285,0.931481639642155,-0.0257342965044082,4.00926934373738,4.07388547947898,-0.0435639066803439,-1.54374290160044,2.12350446518466,0.588444069922744,2.11176616478689,-0.0900787876769973,-0.0120459255384326,-0.0380703708199999,2.6500939383512,-0.526589473166543,-0.538635398704975
"F25",2025 Q1,2027 Q3,10,154.67187825916,154.936585567721,123.15005643761,0.627798126327387,0.872878868309156,-0.027566319103262,3.55682188952366,3.84477394433445,-0.0855916986626681,-4.19235655515831,2.07061716974266,0.522037949865089,1.99300239729324,-0.244627778114387,-0.0236670975439322,-0.0197485685499999,2.47162468106439,-0.401007511321731,-0.424674608865663
"F25",2025 Q1,2027 Q4,11,155.285206019163,156.221223947072,123.114178874742,0.396534759199158,0.829138175882789,-0.0291332086282772,2.89855065419165,3.61435264641203,-0.103571988336704,-3.96754661922989,1.97558003215104,0.425422888211297,1.87355969252161,-0.231509916024021,-0.0286388562101633,-0.0412775623199999,2.22906616220274,-0.253486130051705,-0.282124986261868
"F25",2025 Q1,2028 Q1,12,155.836827984924,157.474743161961,123.075560658228,0.355231499446871,0.802400072933424,-0.0313678057780955,2.37317017708758,3.42117907766628,-0.113817907329405,-4.96380488220103,1.94003997344883,0.347437493111357,1.77262646328428,-0.289611210330066,-0.0315412108912643,-0.02261020521,2.06591254029437,-0.125872566845545,-0.15741377773681
"M25",2025 Q2,2025 Q2,0,143.58853329331,141.863433988488,122.809824274552,0.526019292753424,1.06811191623793,0.321997550088071,3.8670077876497,4.36265115023842,1.49850524386883,-0.859145024344254,3.32156907399943,0.584492813292349,2.18497013389012,-0.052968610442389,0.429116906701583,-0.08565705,3.11292280388405,0.208646270115381,0.637763176816964
"M25",2025 Q2,2025 Q3,1,144.75201654376,143.272837655978,123.150690492748,0.810289807803189,0.99349326874782,0.277556148467812,4.01899520308158,4.30073266364603,1.54621499974574,2.54180408147091,3.45298482638752,0.607465498352496,2.15395916389023,0.156709084493702,0.44277922983669,0.03538572,3.23958961207941,0.213395214308104,0.656174444144794
"M25",2025 Q2,2025 Q4,2,145.752514782831,144.651366211205,123.341913031457,0.691180864322652,0.962170204611279,0.155275246889644,3.56397500072578,4.17599065095748,1.13438471920313,1.89518306015701,3.24671901375044,0.538689831794701,2.09148394806855,0.116843152652942,0.324846151660582,-0.19764823,2.75737170152383,0.489347312226609,0.81419346388719
"M25",2025 Q2,2026 Q1,3,146.680019568075,146.057419363855,123.418446967682,0.636355939810047,0.972028947584841,0.0620502263537092,2.65480813397492,3.97594443149263,0.815837723480861,1.25621259115762,2.63522318822371,0.388669928379032,2.06006881131146,0.0732932211460551,0.226084895541834,-0.33692307,2.33790056523232,0.297322622991389,0.523407518533224
"M25",2025 Q2,2026 Q2,4,147.769282437583,147.614773407384,123.428550737714,0.742611619984744,1.06626150887225,0.008186596315518,2.8700353254739,3.97411356291313,0.50254373656724,7.80967285182115,2.33203546561551,0.421237667751597,2.06004773562116,0.455701439609331,0.138959172668186,-0.23998766,2.38025691604095,-0.0482214504254355,0.0907377222427508
"M25",2025 Q2,2026 Q3,5,149.256538191737,149.23678246082,123.395590308513,1.00647152751929,1.09881214189843,-0.0267040559127326,3.06445107192745,4.07834205639395,0.198664441836627,10.0387629229179,2.34014693072737,0.449772241832757,2.11407630540994,0.585770851438893,0.0549330226753526,0.0134035,2.63218506991805,-0.292038139190677,-0.237105116515324
"M25",2025 Q2,2026 Q4,6,150.770268670665,150.818278543772,123.337108598346,1.01418034832348,1.05972271505311,-0.0473936791585065,3.38471996130991,4.17491824089966,-0.00389529120035093,7.2858092166264,2.11224349055312,0.496778394969421,2.16413817381314,0.425133525018446,-0.00107709320227495,0.07314579,2.73298526558028,-0.620741775027161,-0.621818868229436
"M25",2025 Q2,2027 Q1,7,152.075796531496,152.323604470111,123.276486505185,0.86590537533817,0.998105760703164,-0.0491515439681793,3.61255813377479,4.2007406856893,-0.11508990166007,5.87843874109817,1.99783455201503,0.528886699249734,2.17654321384639,0.342975156973876,-0.0318937058753786,0.07268362,2.74621982722074,-0.748385275205712,-0.780278981081091
"M25",2025 Q2,2027 Q2,8,153.586390213841,153.754228609381,123.218902251498,0.993316304630685,0.939200555453864,-0.0467114656812738,3.86110564465945,4.0749411465316,-0.169998541777083,-1.54374290160044,1.85081980519195,0.566697950461747,2.11231338732769,-0.0900787876769973,-0.0470065687844481,-0.03310585,2.59889891900498,-0.748079113813035,-0.795085682597482
"M25",2025 Q2,2027 Q3,9,154.516991899347,155.103237448434,123.167318661147,0.60591415958823,0.877379992247176,-0.0418633743749111,3.46375119284739,3.85567546375256,-0.185163059228266,-4.19235655515831,1.84771358051083,0.508377879950284,1.99865338084884,-0.244627778114387,-0.0511997337681026,-0.01991826,2.43591326703102,-0.588199686520186,-0.639399420288288
"M25",2025 Q2,2027 Q4,10,155.117736604205,156.396043540927,123.128271182807,0.388788765218414,0.833513286866734,-0.0317027915882743,2.84271407914254,3.63158720074166,-0.169465963701576,-3.96754661922989,1.84225952193406,0.417227703838422,1.88249350985197,-0.231509916024021,-0.0468593047686647,-0.0355118,2.21735010892173,-0.375090586987664,-0.421949891756329
"M25",2025 Q2,2028 Q1,11,155.616430682741,157.65446771216,123.087339210928,0.321493911304628,0.804639390320402,-0.0332433579115345,2.30151438694728,3.4398490462296,-0.153551221143111,-4.96380488220103,1.89235746118452,0.336946923015026,1.78229999383989,-0.289611210330066,-0.0425521041664308,-0.02152725,2.05516756268849,-0.162810101503964,-0.205362205670395
"M25",2025 Q2,2028 Q2,12,155.948052781798,158.900134036962,123.047113693504,0.213102239655474,0.79012434146591,-0.0326804671231937,1.52597453966772,3.29205076137304,-0.139514650609751,-4.82345020827681,1.88872352393394,0.223968656564117,1.70648916020036,-0.28145266075814,-0.0385774192635433,-0.00798923,1.88389116750093,0.00483235643301438,-0.0337450628305289
"A25",2025 Q3,2025 Q3,0,146.125212445645,144.286544061924,123.164001552214,1.14662017759232,1.27540186269739,0.325769985374077,4.96317781106521,5.00577702635105,1.55702317311777,2.54180408147091,3.77019636467057,0.750177377693571,2.50707033930334,0.156709084493702,0.445874294030475,0.148527386804517,3.8516493978319,-0.081453033161329,0.364421260869146
"A25",2025 Q3,2025 Q4,1,147.325490336914,145.900208717553,123.373776804739,0.821403692888475,1.11837501280547,0.170321887793383,4.63740298261932,5.03563162674769,1.16021507760511,1.89518306015701,3.58259412963902,0.700936968458735,2.52202258003483,0.116843152652942,0.332243018332755,-0.0249332424672373,3.53026932435908,0.0523248052799321,0.384567823612687
"A25",2025 Q3,2026 Q1,2,148.592828081328,147.450516506875,123.539461818731,0.860229782039118,1.0625809263395,0.134295162458933,3.95044726008908,4.92522547922372,0.913842165881285,1.25621259115762,3.1153351479781,0.578354433224166,2.55192283827172,0.0732932211460551,0.25324388008621,-0.159678162320415,3.22384298926168,-0.108507841283574,0.144736038802635
"A25",2025 Q3,2026 Q2,3,149.724959091878,149.110288787756,123.61980988985,0.761901516491987,1.12564697649157,0.0650383852543886,3.57370943790887,4.55583847836332,0.694639820748133,7.80967285182115,2.9612117616816,0.524516550540379,2.36159450217837,0.455701439609331,0.192075968258779,0.00321873853296757,3.08140575951049,-0.120193997828888,0.0718819704298914
"A25",2025 Q3,2026 Q3,4,151.318534143068,150.79961310577,123.645653676023,1.06433493844704,1.13293611845839,0.0209058614440572,3.49232389315439,4.41506782712811,0.390302992649527,10.0387629229179,2.70728348204354,0.512571520889774,2.28862369831778,0.585770851438893,0.107923304982309,0.112882428086807,3.02200095227667,-0.314717470233131,-0.206794165250821
"A25",2025 Q3,2026 Q4,5,152.94123532012,152.426408266878,123.645648363838,1.07237436989556,1.07877939976301,-4.29629729674884e-06,3.74094057533894,4.37590247520836,0.220121691797548,7.2858092166264,2.46357945147038,0.549061215089013,2.26832168800534,0.425133525018446,0.0608662011936469,0.109908345539346,2.98815744982735,-0.524577998356971,-0.463711797163324
"A25",2025 Q3,2027 Q1,6,154.314531378211,153.96164934917,123.631749086443,0.897924000166513,1.00720150776289,-0.0112412184165608,3.77830632027605,4.32109030161563,0.0746747743495924,5.87843874109817,2.26359044946989,0.553152609449407,2.23890034546507,0.342975156973876,0.0206938684894407,0.0989632908215221,2.91171011422544,-0.648119664755552,-0.627425796266111
"A25",2025 Q3,2027 Q2,7,155.955887173232,155.42005842331,123.610429949557,1.06364305445655,0.94725477435764,-0.0172440631500613,4.07731878019497,4.14452803430336,-0.00758802022247096,-1.54374290160044,1.95260937532389,0.598431746956118,2.14838490574652,-0.0900787876769973,-0.0020981756125478,-0.0881960407411765,2.65652243634891,-0.703913061025023,-0.706011236637571
"A25",2025 Q3,2027 Q3,8,156.996429659156,156.796402934034,123.584804630472,0.667203082091898,0.885564273161993,-0.0207307094513179,3.68359514801098,3.89962772224912,-0.0492245552557335,-4.19235655515831,1.94486660902955,0.540644575109204,2.02143676364802,-0.244627778114387,-0.0136111605330513,-0.048797883014126,2.49967229521005,-0.554805686180499,-0.56841684671355
"A25",2025 Q3,2027 Q4,9,157.701179902277,158.106436909201,123.570509672528,0.448895713521442,0.835500018273551,-0.0115669219912186,3.0648211144471,3.65865467179081,-0.060787849969568,-3.96754661922989,1.94099315033878,0.449826553306404,1.89652438279032,-0.231509916024021,-0.0168085456556452,-0.0461793732884562,2.28336301715262,-0.342369866813842,-0.359178412469487
"A25",2025 Q3,2028 Q1,10,158.308033269229,159.377305865574,123.554460329046,0.384812191847497,0.803805955796404,-0.0129880046013066,2.55497816466317,3.45708427839124,-0.0625348477964138,-4.96380488220103,1.95582109797954,0.374054594590529,1.79123013983255,-0.289611210330066,-0.0173296528523523,-0.0364281645394408,2.11152691703128,-0.155705819051744,-0.173035471904096
"A25",2025 Q3,2028 Q2,11,158.715210068144,160.633205921523,123.529933734376,0.257205392870281,0.78800432039424,-0.0198508371158743,1.75382718483483,3.29920361067115,-0.0651421053421863,-4.82345020827681,1.95492633464056,0.257410794362675,1.71019695837133,-0.28145266075814,-0.0180125477755365,-0.0407748405216688,1.9088203644368,0.0461059702037621,0.0280934224282257
"A25",2025 Q3,2028 Q3,12,159.240947701349,161.882366547526,123.497843648008,0.331245904522751,0.777647821219108,-0.0259775791972502,1.4195385451762,3.1921771866414,-0.0703902007370694,-3.51855451420482,1.99554376163809,0.208346949860202,1.65471803483687,-0.205310822602914,-0.0194637070301282,-0.0264733013376352,1.81712797632931,0.17841578530878,0.158952078278652
"N25",2025 Q4,2025 Q4,0,147.43386948808,145.100454250635,123.440882173736,0.883477478910828,0.916698020911333,0.211531106835369,4.71094036315529,4.48597206768513,1.21459221300526,1.89518306015701,3.42288053520532,0.712052040574414,2.24673361490791,0.116843152652942,0.347814634270489,0.0703521991131047,3.37695248886592,0.0459280463394021,0.393742680609892
"N25",2025 Q4,2026 Q1,1,148.617932409739,146.472334230849,123.622112013864,0.803114593525823,0.945469114689993,0.146815088273199,3.96734054378411,4.25961823911969,0.980721654413852,1.25621259115762,3.06433298733602,0.580827648248562,2.20704962901345,0.0732932211460551,0.271777519489723,-0.062439376125196,2.99721542062654,0.0671175667094781,0.3388950861992
"N25",2025 Q4,2026 Q2,2,149.753057635684,148.024616201018,123.726160100356,0.763787523847184,1.05977827029248,0.0841662424273302,3.59247445057722,3.82507450557306,0.780632907325529,7.80967285182115,2.83196118790849,0.527270708338224,1.98279086620059,0.455701439609331,0.215854054217234,0.17834605911026,2.9042616878663,-0.0723004999578101,0.143553554259424
"N25",2025 Q4,2026 Q3,3,151.295641322485,149.648256163665,123.770167789016,1.03008493526265,1.09687159089921,0.0355686207546986,3.46520559243544,3.99865094476235,0.477708254210452,10.0387629229179,2.65232806361544,0.508591343486783,2.07276709482325,0.585770851438893,0.132091873704939,0.290973359104278,3.00442367111925,-0.352095607503807,-0.220003733798869
"N25",2025 Q4,2026 Q4,4,152.86974798323,151.231957145866,123.785498176958,1.04041771923263,1.0582822832692,0.0123861736766589,3.6206505651756,4.13885077083602,0.278785966072626,7.2858092166264,2.4697927576387,0.531406142036331,2.14544200198565,0.425133525018446,0.0770875535362874,0.194117648698011,2.94805334625628,-0.478260588617578,-0.40117303508129
"N25",2025 Q4,2027 Q1,5,154.208940332749,152.737076122518,123.785770616317,0.876034903691919,0.995238708178779,0.000220089883486057,3.69296375523573,4.18814206532838,0.132298635422501,5.87843874109817,2.15678677089661,0.540658264484358,2.1700154503632,0.342975156973876,0.0366625890283744,0.208417294591415,2.95575359846735,-0.798966827570738,-0.762304238542364
"N25",2025 Q4,2027 Q2,6,155.802612353453,154.173820995477,123.775601825797,1.03344982286015,0.940665429398996,-0.00821482991869548,3.96022455926976,4.0702088048687,0.0399526255607796,-1.54374290160044,1.92527666098927,0.581245722766127,2.10986029946985,-0.0900787876769973,0.0110473644180121,-0.03037203358211,2.67178135307188,-0.746504692082609,-0.735457327664597
"N25",2025 Q4,2027 Q3,7,156.806708872663,155.534143062286,123.758229793925,0.644467062549782,0.882330124547232,-0.0140351019231686,3.5778080978571,3.85776955843538,-0.00964575799526912,-4.19235655515831,1.94307780547174,0.525118114549775,1.99973888958965,-0.244627778114387,-0.00266716397648466,0.00603029517335,2.52822013533629,-0.58514232986455,-0.587809493841034
"N25",2025 Q4,2027 Q4,8,157.473937948131,156.83118260755,123.750719964896,0.425510541139893,0.833925927598285,-0.0060681451580517,2.96737327858505,3.63551586175932,-0.0280994939261703,-3.96754661922989,2.01256407263983,0.435524046733879,1.88452999650625,-0.231509916024021,-0.00776983602471563,0.0549533569773528,2.36723756419276,-0.354673491552931,-0.362443327577647
"N25",2025 Q4,2028 Q1,9,158.044819587007,158.09071910832,123.740763003309,0.362524520765046,0.803116114938707,-0.00804598275508037,2.45702228127973,3.44510533888327,-0.0363658900291775,-4.96380488220103,2.04475621074423,0.359713631229858,1.78502345357267,-0.289611210330066,-0.010077713020493,0.0608075307549922,2.19546690253703,-0.150710691792805,-0.160788404813297
"N25",2025 Q4,2028 Q2,10,158.421067692748,159.337289073177,123.72141693115,0.238064181239483,0.788515588952758,-0.0156343566093438,1.66665729988305,3.29425966694945,-0.0437863015770645,-4.82345020827681,2.06057877426931,0.244616791895404,1.70763418307372,-0.28145266075814,-0.0121074203071566,0.0529616310166877,1.99310518567865,0.0674735885906517,0.0553661682834949
"N25",2025 Q4,2028 Q3,11,158.916519419305,160.578597160873,123.693709404902,0.312743585037246,0.779044312173409,-0.0223950928904736,1.33651360636273,3.1918247592297,-0.0521478156072064,-3.51855451420482,2.06911886315346,0.196161304868104,1.65453534823772,-0.205310822602914,-0.0144194759300536,0.0556276186262224,1.89190479580199,0.177214067351472,0.162794591421419
"N25",2025 Q4,2028 Q4,12,159.36724374054,161.826307969934,123.661327652591,0.28362332807348,0.77700940917519,-0.0261789806991651,1.19512767741448,3.13536302034629,-0.0722618943222564,-1.99686914492814,2.07532133636441,0.175409964829032,1.62526746862264,-0.116519111788787,-0.019981252018078,0.0592364487525741,1.83993263018617,0.235388706178244,0.215407454160166
"F26",2026 Q1,2026 Q1,0,148.366333899758,146.327792591778,123.57030771174,0.78341348825908,0.926511169578552,0.132522824135716,3.79790492128542,4.16088764608293,0.938807502725858,1.25621259115762,2.9099010999901,0.556021889060675,2.15589403090542,0.0732932211460551,0.260162272568223,-0.0581748,2.91390339253432,-0.00400229254421802,0.256159980024005
"F26",2026 Q1,2026 Q2,1,149.528108802802,147.846926538864,123.701919977668,0.783044827290985,1.03817184704184,0.106508002095827,3.44214833555903,3.70496178241524,0.761039235695371,7.80967285182115,2.10394655473616,0.5052072091435,1.92052844228053,0.455701439609331,0.210436176724904,-0.3823137,2.25385812814893,-0.149911573412774,0.0605246033121307
"F26",2026 Q1,2026 Q3,2,151.046711243393,149.437024228314,123.775067431514,1.01559663447236,1.07550270179776,0.0591320279098542,3.30053786842806,3.85739894453394,0.481666837775219,10.0387629229179,1.95963014399627,0.484422913433267,1.99954677572165,0.585770851438893,0.133186467980166,-0.259951,2.35720515713508,-0.397575013138809,-0.264388545158643
"F26",2026 Q1,2026 Q4,3,152.589578474906,150.988812925698,123.799805456604,1.02145039690846,1.03842317885886,0.0199862747831259,3.58709863303375,4.0578941465454,0.317985242318031,7.2858092166264,1.9355780686408,0.526481694759133,2.10347679190464,0.425133525018446,0.0879266081297464,-0.342659,2.37522609479352,-0.439648026152724,-0.351721418022978
"F26",2026 Q1,2027 Q1,4,153.863155191634,152.465549747519,123.794237329637,0.834642004688028,0.978043865109293,-0.00449768636206909,3.63791602377415,4.10894073798156,0.181052364662637,5.87843874109817,1.69739818665366,0.532599151823523,2.12897861318075,0.342975156973876,0.0501732192251523,-0.236508,2.47524298422942,-0.777844797575757,-0.727671578350605
"F26",2026 Q1,2027 Q2,5,155.385537045314,153.877815585436,123.767981052407,0.989438863244406,0.926285210170805,-0.021209611850129,3.84249704905972,3.99814238271885,0.053389180691088,-1.54374290160044,1.97692818721986,0.56396675013784,2.07250347324587,-0.0900787876769973,0.0147627277755818,0.09876,2.74999295115929,-0.773064763939428,-0.758302036163847
"F26",2026 Q1,2027 Q3,6,156.327031790243,155.217760293938,123.728902840636,0.605908865671878,0.870784851867016,-0.0315737652327827,3.43610356277351,3.79539746223934,-0.0373041219195791,-4.19235655515831,1.90846093070123,0.504320012401474,1.96740727814963,-0.244627778114387,-0.0103150224385779,0.111237,2.57264926811253,-0.664188337411301,-0.674503359849879
"F26",2026 Q1,2027 Q4,7,156.937994722216,156.498084241016,123.697097550261,0.390823599077003,0.824856604458957,-0.0257056270965702,2.80989658335118,3.5838021148221,-0.0829973312720611,-3.96754661922989,1.80993351006205,0.412411050445378,1.85772331733314,-0.231509916024021,-0.0229497248657676,0.093019,2.34020364291275,-0.530270132850706,-0.553219857716474
"F26",2026 Q1,2028 Q1,8,157.468297721976,157.745326403963,123.662660443184,0.337906063281849,0.796969604449853,-0.0278398667061149,2.31605489798419,3.40432071506447,-0.106343286477451,-4.96380488220103,1.82641348022177,0.339075686789321,1.76389158592264,-0.289611210330066,-0.0294698444590786,0.039983,2.11348042825288,-0.287066948031117,-0.316536792490196
"F26",2026 Q1,2028 Q2,9,157.810212131296,158.982665848983,123.620031952419,0.217132219161758,0.784390557379538,-0.0344715944264851,1.54837575828752,3.26362942477267,-0.119608962317397,-4.82345020827681,1.97154548109575,0.227256503582042,1.69175648857937,-0.28145266075814,-0.0330732655447231,0.010666,1.89660572661669,0.0749397544790631,0.0418664889343399
"F26",2026 Q1,2028 Q3,10,158.280415343742,160.217528269872,123.572287969893,0.297954870027635,0.776727710718809,-0.0386215581499705,1.24180700335312,3.17034074813662,-0.12665922971653,-3.51855451420482,2.00683189316084,0.182261131508441,1.64339875445304,-0.205310822602914,-0.0350227462636853,0.028835,1.81947213969779,0.18735975346305,0.152337007199364
"F26",2026 Q1,2028 Q4,11,158.704572816146,161.459370992695,123.523013274917,0.267978493412176,0.775097916085309,-0.0398751983844992,1.11936520689939,3.12097695784974,-0.140833448813193,-1.99686914492814,2.0134380164242,0.16429023884531,1.61781021431891,-0.116519111788787,-0.0389420822648542,0.047027,1.79018537089937,0.223252645524827,0.184310563259972
"F26",2026 Q1,2029 Q1,12,159.135838200108,162.716715613203,123.472789822042,0.271740994168847,0.778737469852379,-0.0406591869348536,1.05340120917283,3.10288734287392,-0.153657161120258,-0.919141059037454,2.02225123553834,0.154220324732311,1.60770894820276,-0.0536269174331166,-0.042581462245835,0.0567,1.77604781068924,0.246203424849106,0.203621962603271
"M26",2026 Q2,2026 Q2,0,150.121398183133,148.394517363183,123.789131354513,1.44893340348768,1.25327803812367,0.172059014878388,3.83813774436375,4.07465444984139,0.831515626648294,7.80967285182115,3.07099659413144,0.563326931064237,2.11216477333915,0.455701439609331,0.229923716349522,0.467701815679436,3.37311723643234,-0.302120642300908,-0.0721969259513857
"M26",2026 Q2,2026 Q3,1,151.814868841022,150.17228145559,123.94086233101,1.12806746965138,1.19799850021164,0.122572131201048,3.80780540933099,4.34821060447348,0.615525749804657,10.0387629229179,3.29031480827275,0.558875026952378,2.25396714712486,0.585770851438893,0.170200009919685,0.629466419743504,3.61250860374043,-0.322193795467675,-0.151993785547989
"M26",2026 Q2,2026 Q4,2,154.087422968734,151.792646780697,124.248881825726,1.49692460630526,1.07900426723249,0.248521342294864,4.56392858577077,4.58886175882585,0.680072915255714,7.2858092166264,3.60008044394187,0.669851906069303,2.37871266779257,0.425133525018446,0.188048049914022,0.439669950936796,3.67628257471269,-0.0762021307708283,0.111845919143194
"M26",2026 Q2,2027 Q1,3,155.579097784193,153.294493550627,124.469161703635,0.968070454239571,0.989406800515512,0.177289223590249,5.00953484303865,4.49413758986115,0.719753526267741,5.87843874109817,3.40434283050897,0.733407255966505,2.32856189067504,0.342975156973876,0.199458049215748,0.353525512997614,3.61495270885491,-0.210609878345944,-0.0111518291301964
"M26",2026 Q2,2027 Q2,4,157.109654468794,154.700142295895,124.578867770959,0.983780409064853,0.916959711148013,0.0881391549701869,4.54997096689711,4.16142923381528,0.635942698567149,-1.54374290160044,2.95546604316277,0.667803333785359,2.15714592307343,-0.0900787876769973,0.17584553308912,-0.101106086937691,2.89968870301022,0.055777340152547,0.231622873241667
"M26",2026 Q2,2027 Q3,5,158.157826692612,156.0291777718,124.629977695285,0.667159651875996,0.85910423622147,0.0410261589629085,4.09316272039453,3.82598486964438,0.554463371210812,-4.19235655515831,2.46536468827836,0.600757176318753,1.983262768529,-0.244627778114387,0.153315553914895,-0.232652088633008,2.50468341012964,-0.0393187218512825,0.113996832063613
"M26",2026 Q2,2027 Q4,6,158.762489766764,157.303444632419,124.645810815366,0.38231625130241,0.816684980858447,0.0127041024748868,2.98891874156526,3.56612847056921,0.318953628081342,-3.96754661922989,1.91019198427131,0.438686293726401,1.84856189045216,-0.231509916024021,0.0881943780265768,-0.225575472315437,2.1498670898897,-0.239675105618386,-0.151480727591809
"M26",2026 Q2,2028 Q1,7,159.409466758035,158.54862817631,124.639276479674,0.407512500100827,0.791580595581072,-0.00524232274572427,2.43218848282982,3.37004828395706,0.136578916172869,-4.96380488220103,1.62359836626411,0.356077906846848,1.74613390152118,-0.289611210330066,0.0378487401445644,-0.292579106135544,1.84748144237705,-0.223883076112937,-0.186034335968372
"M26",2026 Q2,2028 Q2,8,159.884082968886,159.784240609135,124.616234915573,0.297734018251052,0.779327104269383,-0.0184865996909127,1.75050735635747,3.23357316047916,0.0299902722738388,-4.82345020827681,1.63265737490104,0.256923540149206,1.67617632504884,-0.28145266075814,0.0082926581708748,-0.276394772616004,1.66499775075292,-0.032340375851879,-0.0240477176810043
"M26",2026 Q2,2028 Q3,9,160.499223391608,161.01824899623,124.582796644041,0.384741502280516,0.772296681068514,-0.0268329977673976,1.46956663037638,3.14746796047416,-0.037864071721927,-3.51855451420482,1.66185748947578,0.215689616950309,1.63154226527992,-0.205310822602914,-0.0104698550543448,-0.189920106591122,1.64684192058477,0.0150155688910152,0.00454571383667046
"M26",2026 Q2,2028 Q4,10,161.079311747111,162.259872016671,124.541849128009,0.36142751550088,0.771107019347819,-0.0328677129864309,1.44875528603761,3.10224898978646,-0.083440482897057,-1.99686914492814,1.70264203954984,0.212635117211497,1.60810226118904,-0.116519111788787,-0.0230722614306379,-0.117011613692185,1.68065350327772,0.0219885362721239,-0.00108372515851385
"M26",2026 Q2,2029 Q1,11,161.649991899582,163.517050086305,124.4959276215,0.354285194220182,0.774792962677238,-0.0368723500017383,1.39572995179664,3.08559181364521,-0.115077172261024,-0.919141059037454,1.74115981532061,0.204338028597586,1.59874756029779,-0.0536269174331166,-0.0318901783051636,-0.0567299892812883,1.71446542130893,0.0266943940116859,-0.00519578429347778
"M26",2026 Q2,2029 Q2,12,162.276755117494,164.800607514414,124.447032677615,0.387728579844706,0.784968556753832,-0.0392743319554974,1.4854171333802,3.09118948407328,-0.135870909928748,0.371223241499763,1.69920528458603,0.218016009541631,1.60236938281482,0.0216612102424285,-0.037569882697854,0.050718542367156,1.83353405202575,-0.134328767439726,-0.17189865013758
